<?xml version="1.0" encoding="UTF-8" ?>
<!DOCTYPE mapper PUBLIC "-//mybatis.org//DTD Mapper 3.0//EN" "https://mybatis.org/dtd/mybatis-3-mapper.dtd">
<mapper namespace="com.spring.javawebS.dao.AdminDAO">

  <select id="totRecCntAdmin" resultType="int">
    <if test="part == '전체'">
      select count(*) from inquiry2;
    </if>
    <if test="part != '전체'">
      select count(*) from inquiry2 where reply = #{part};
    </if>
  </select>
  
  <select id="getInquiryListAdmin" resultType="com.spring.javawebS.vo.InquiryVO">
    <if test="part == '전체'">
      select * from inquiry2 order by idx desc limit #{startIndexNo},#{pageSize};
    </if>
    <if test="part != '전체'">
      select * from inquiry2 where reply = #{part} order by idx desc limit #{startIndexNo},#{pageSize};
    </if>
  </select>
  
  <select id="getInquiryContent" resultType="com.spring.javawebS.vo.InquiryVO">
    select * from inquiry2 where idx = #{idx};
  </select>
  
  <select id="getInquiryReplyContent" resultType="com.spring.javawebS.vo.InquiryReplyVO">
    select * from inquiry2Reply where inquiryIdx = #{idx};
  </select>
  
  
  
  <insert id="setInquiryInputAdmin">
    insert into inquiry2Reply values (default,#{vo.inquiryIdx},default,#{vo.reContent});
  </insert>
  
  
  <update id="setInquiryReplyUpdate">
    update inquiry2Reply set reContent = #{reVO.reContent} where reIdx = #{reVO.reIdx};
  </update>
  
  <update id="setInquiryUpdateAdmin">
    update inquiry2 set reply = '답변완료' where idx = #{inquiryIdx};
  </update>
  
  <update id="setInquiryUpdateAdmin2">
    update inquiry2 set reply = '답변대기중' where idx = #{inquiryIdx};
  </update>
  

  
  
  <delete id="setInquiryReplyDelete">
    delete from inquiry2Reply where reIdx = #{reIdx};
  </delete>
  
</mapper>