<?xml version="1.0" encoding="UTF-8" ?>
<!DOCTYPE mapper PUBLIC "-//mybatis.org//DTD Mapper 3.0//EN" "https://mybatis.org/dtd/mybatis-3-mapper.dtd">
<mapper namespace="com.spring.javawebS.dao.GuestDAO">
  
  <select id="totRecCnt" resultType="int">
    select count(*) from guest2;
  </select>
  
  <select id="getGuestList" resultType="com.spring.javawebS.vo.GuestVO">
  	select * from guest2 order by idx desc limit #{startIndexNo},#{pageSize};
  </select>
  
  
  
  <insert id="setGuestInput">
    insert into guest2 values (default, #{vo.name}, #{vo.content}, #{vo.email}, #{vo.homePage}, default, #{vo.hostIp});
  </insert>
  
  
  
  <delete id="setGuestDelete">
    delete from guest2 where idx = #{idx};
  </delete>
  
</mapper>