<?xml version="1.0" encoding="UTF-8" ?>
<!DOCTYPE mapper PUBLIC "-//mybatis.org//DTD Mapper 3.0//EN" "https://mybatis.org/dtd/mybatis-3-mapper.dtd">
<mapper namespace="com.spring.javawebS.dao.StudyDAO">
  
  <select id="getKakaoAddressName" resultType="com.spring.javawebS.vo.KakaoAddressVO">
    select * from kakaoAddress where address = #{address};
  </select>
  
  <select id="getKakaoAddressList" resultType="com.spring.javawebS.vo.KakaoAddressVO">
    select * from kakaoAddress order by address;
  </select>
  
  
  <insert id="setKakaoAddressInput">
    insert into kakaoAddress values (#{vo.address}, #{vo.latitude}, #{vo.longitude});
  </insert>
  
  <delete id="setKakaoAddressDelete">
    delete from kakaoAddress where address = #{address};
  </delete>
  
</mapper>