<?xml version="1.0" encoding="UTF-8" ?>
<!DOCTYPE mapper PUBLIC "-//mybatis.org//DTD Mapper 3.0//EN" "https://mybatis.org/dtd/mybatis-3-mapper.dtd">
<mapper namespace="com.spring.javawebS.dao.MemberDAO">
	
	<select id="getMemberIdCheck" resultType="com.spring.javawebS.vo.MemberVO">
		select * from member2 where mid = #{mid};
	</select>  
  
	<select id="getMemberNickCheck" resultType="com.spring.javawebS.vo.MemberVO">
		select * from member2 where nickName = #{nickName};
	</select>
	
  <select id="getMemberList" resultType="com.spring.javawebS.vo.MemberVO">
  	select * from member2 <if test="mid != ''"> where mid like concat('%',#{mid},'%') </if> order by idx desc limit #{startIndexNo},#{pageSize};
  </select>
  
  <select id="totRecCnt" resultType="int">
    select count(*) from member2 <if test="mid != ''"> where mid like concat('%',#{mid},'%') </if>;
  </select>
  
  <select id="getMemberNickNameEmailCheck" resultType="com.spring.javawebS.vo.MemberVO">
  	select * from member2 where nickName = #{nickName} and email = #{email};
  </select>
  
  
  
  <insert id="setMemberJoinOk">
    insert into member2 values (default,#{vo.mid},#{vo.pwd},#{vo.nickName},#{vo.name},#{vo.gender},#{vo.birthday},#{vo.tel},#{vo.address},#{vo.email},#{vo.homePage},#{vo.job},#{vo.hobbys},#{vo.photo},#{vo.content},#{vo.userInfor},default,default,default,default,default,default,default);
  </insert>
  
  <insert id="setKakaoMemberInputOk">
  	insert into member2 values (default,#{mid},#{pwd},#{nickName},'','남자',now(),'010- - ','/ / / /',#{email},'http://','기타','기타',default,'',default,default,default,default,default,default,default,default);
  </insert>
  
  
  
  <update id="setMemberVisitProcess">
  	update member2 set visitCnt=visitCnt+1, todayCnt=todayCnt+1, point=point+10, lastDate=now() where mid = #{vo.mid};
  </update>
  
  <update id="setMemberPwdUpdate">
    update member2 set pwd = #{pwd} where mid = #{mid};
  </update>
  
  <update id="setMemberUpdateOk">
    update member2 set nickName=#{vo.nickName},name=#{vo.name},gender=#{vo.gender},birthday=#{vo.birthday},tel=#{vo.tel},address=#{vo.address},email=#{vo.email},homePage=#{vo.homePage},job=#{vo.job},hobby=#{vo.hobby},photo=#{vo.photo},content=#{vo.content},userInfor=#{vo.userInfor} where mid=#{vo.mid};
  </update>
  
  <update id="setMemberDeleteOk">
    update member2 set userDel = 'OK' where mid = #{mid};
  </update>
  
  <update id="setMemberUserDelCheck">
  	update member2 set userDel='NO' where mid = #{mid};
  </update>
  
  
</mapper>