<?xml version="1.0" encoding="UTF-8"?>
<beans xmlns="http://www.springframework.org/schema/beans"
	xmlns:xsi="http://www.w3.org/2001/XMLSchema-instance"
	xmlns:aop="http://www.springframework.org/schema/aop"
	xmlns:context="http://www.springframework.org/schema/context"
	xmlns:jdbc="http://www.springframework.org/schema/jdbc"
	xmlns:mybatis-spring="http://mybatis.org/schema/mybatis-spring"
	xmlns:tx="http://www.springframework.org/schema/tx"
	xsi:schemaLocation="http://www.springframework.org/schema/jdbc http://www.springframework.org/schema/jdbc/spring-jdbc-4.3.xsd
		http://mybatis.org/schema/mybatis-spring http://mybatis.org/schema/mybatis-spring-1.2.xsd
		http://www.springframework.org/schema/beans https://www.springframework.org/schema/beans/spring-beans.xsd
		http://www.springframework.org/schema/context http://www.springframework.org/schema/context/spring-context-4.3.xsd
		http://www.springframework.org/schema/aop http://www.springframework.org/schema/aop/spring-aop-4.3.xsd
		http://www.springframework.org/schema/tx http://www.springframework.org/schema/tx/spring-tx-4.3.xsd">
	
	<!-- Root Context: defines shared resources visible to all other web components -->
		
  <!-- 데이터베이스 연동을 위한 환경설정처리(JDBC설정) -->
  <bean id="dataSource" class="org.springframework.jdbc.datasource.DriverManagerDataSource">
    <property name="driverClassName" value="com.mysql.jdbc.Driver?allowMultiQueries=true" />
    <property name="url" value="jdbc:mysql://localhost:3306/javaweb" />
    <property name="username" value="root" />
    <property name="password" value="1234" />
  </bean>

  <!-- MyBatis Spring연동(모듈설정) - mapper정보설정 -->
  <bean id="sqlSessionFactory" class="org.mybatis.spring.SqlSessionFactoryBean">
    <property name="dataSource" ref="dataSource" />
    <property name="mapperLocations" value="classpath:mappers/**/*Mapper.xml" />
  </bean>

  <!-- mapper정보설정후 Template처리를 위한 설정 -->
	<bean class="org.mybatis.spring.SqlSessionTemplate" id="sqlSessionTemplate">
		<constructor-arg ref="sqlSessionFactory" index="0"/>
	</bean>

  <!-- 가공처리된 매퍼의 정보를 주입하기위한 DAO객체의 위치를 설정 -->
  <mybatis-spring:scan base-package="com.spring.javawebS.dao"/>
		
		
	<!-- 메일 서비스(SMTP)에 필요한 환경설정(gmail.com) -->	
	<bean class="org.springframework.mail.javamail.JavaMailSenderImpl" id="mailSender">
		<property value="smtp.gmail.com" name="host"/>
		<property value="587" name="port"/>
		<property value="baik56341@gmail.com" name="username"/>
		<property value="xgivchfqbaoxdhxf" name="password"/>
		<property name="javaMailProperties">
			<props>
				<prop key="mail.transport.protocol">smtp</prop>
				<prop key="mail.smtp.starttls.enable">true</prop>
				<prop key="mail.debug">true</prop>
				<prop key="mail.smtp.ssl.trust">smtp.gmail.com</prop>
				<prop key="mail.smtp.ssl.protocols">TLSv1.2</prop>
			</props>
		</property>
	</bean>
 <!-- 트랜잭션 사용을 위한 bean 설정하기 -->
  <bean id="transactionManager" class="org.springframework.jdbc.datasource.DataSourceTransactionManager">
  	<property name="dataSource" ref="dataSource" />
  </bean>
  
  <!-- 트랜잭션이 필요한 상황에서 어노테이션을 이용하여 사용하고자 할때 처리할 내용 -->
  <tx:annotation-driven/>
  
  
</beans>
